{"cameraMode":{"drawMode":0,"name":"Shaded","section":"Shading Mode"},"sceneLighting":true,"audioPlay":false,"sceneViewState":{"showFog":true,"showMaterialUpdate":false,"showSkybox":true,"showFlares":true,"showImageEffects":true,"showParticleSystems":true},"in2DMode":false,"pivot":{"x":1.3975846767425538,"y":2.080571413040161,"z":15.871206283569336},"rotation":{"x":0.20542287826538087,"y":-0.43641990423202517,"z":0.10305880755186081,"w":0.8698965311050415},"size":4.000181198120117,"orthographic":true}